id,firstName,lastName,street,plz,email
1,manfred,mustermann,musterstraße 123,45678 musterstadt,manfred@example.com
2,manfred,,,,
3,manfred,mustermann,,,
4,,,,Musterstadt,
5,manfred,,,,
6,manfred,,,,
7,manfred,,,,
8,manfred,,,,
9,manfred,,,,
10,man,,,,
11, Max,,,,
12,manfred,,,,
13,manfred,,,,
14,manfred,,,,
15,manfred,,,,
16,manfred,,,,
17,manfred,,,,
18,manfred,,,,
19,manfred,,,,
20,m,,,,
21,,,,,
22,,,,,
23,manfred,,,,
24,,,,,
25,,,,,
26,,,,,
27,,,,,
28,,,,,
29,,,,,
30,,,,,
31,,,,,
32,,,,,
33,,,,,
34,,,,,
35,,,,,
36,,,,,
37,,,,,
38,,,,,
39,,,,,
40,,,,,
41,,,,,
42,,,,,
43,,,,,
44,manfred,,,,
45,manfred,,,,
46,manf,,,,
47,manf,,,,
48,manf,,,,
49,,,,,
50,,,,,
51,mnfrd,,,,
52,mnfrd,,,,
53,mnfrd,,,,
54,mnfrd,,,,
55,mnfrd,,,,
56,mnfrd,,,,
57,mnfrd,,,,
58,mnfrd,,,,
59,mnfrd,,,,
60,mnfrd,,,,
61,mnfrd,,,,
62,mnfrd,,,,
63,mnfrd,,,,
64,mnfrd,,,,
65,mnfrd,,,,
66,mnfrd,,,,
67,mnfrd,,,,
68,mnfrd,,,,
69,mnfrd,,,,
70,mnfrd,,,,
71,mnfrd,,,,
72,mnfrd,,,,
73,mnfrd,,,,
74,Manfred ,Mustermann,Musterstraße 123,45678 Musterort,manfred@example.com
75,Manfred ,Mustermann,Musterstraße 123,45678 Musterort,manfred@example.com
76,Manfred ,Mustermann,Musterstraße 123,45678 Musterort,manfred@example.com
77,Manfred ,Mustermann,Musterstraße 123,45678 Musterort,manfred@example.com
78,Manfred ,Mustermann,Musterstraße 123,45678 Musterort,manfred@example.com
79,Manfred,Mustermann,Musterstraße 123,,manfred@example.com
